dist,dist_t,pvalue_t,med_dist,dist_5,dist_95,z,embed_type,cov_p_value,data_size
0.09563506886054422,18.779534573806576,0.0,0.10306967074766545,0.09165862025964902,0.11658505500484945,[0.06750974 0.06676071 0.09454351 ... 0.04375983 0.09345333 0.08089712],orig,0.0001999600079984003,3578
0.19128943543383897,85.82516126350723,0.0,0.1975991270325121,0.18270736625632708,0.21243967556878265,[0.06750974 0.06676071 0.09454351 ... 0.04375983 0.09345333 0.08089712],cond,0.0001999600079984003,3578
0.19581845994226393,90.31491759408124,0.0,0.20232177264941015,0.18513007646908428,0.2181713086634414,[0.06750974 0.06676071 0.09454351 ... 0.04375983 0.09345333 0.08089712],uncond,0.0001999600079984003,3578
